student_id,full_name,email,faculty,department
AUSU/2022/1001,Chukwudi Paul Nwosu,c.nwosu@apex.edu.ng,Faculty of Engineering,Electrical Engineering
AUSU/2022/1002,Aisha Abubakar Sani,a.sani@apex.edu.ng,Faculty of Social Sciences,Economics
AUSU/2022/1003,Babatunde John Davies,b.davies@apex.edu.ng,Faculty of Law,Law
AUSU/2022/1004,Maryam Idris Kabir,m.kabir@apex.edu.ng,Faculty of Science,Biochemistry
AUSU/2022/1005,Emeka Jude Okafor,e.okafor@apex.edu.ng,Faculty of Management Sciences,Accounting
AUSU/2022/1006,Temitope Elizabeth Cole,t.cole@apex.edu.ng,Faculty of Arts,Mass Communication
AUSU/2022/1007,Khadijah Aliyu Bello,k.bello@apex.edu.ng,Faculty of Environmental Studies,Architecture
AUSU/2022/1008,Osagie Daniel Egharevba,o.egharevba@apex.edu.ng,Faculty of Engineering,Mechanical Engineering
AUSU/2022/1009,Precious Amarachi Obi,p.obi@apex.edu.ng,Faculty of Education,Educational Tech
AUSU/2022/1010,Zubairu Hassan Adamu,z.adamu@apex.edu.ng,Faculty of Science,Computer Science
AUSU/2022/1011,Somtochukwu George Umeh,s.umeh@apex.edu.ng,Faculty of Law,Law
AUSU/2022/1012,Halimat Omolara Yusuf,h.yusuf@apex.edu.ng,Faculty of Arts,Creative Arts
